Contenido,IR,Fecha,Dispositivo,Likes,Retweets,Entidad,Hora,Foto
#Gesti√≥nMinfin  | El Ministro @alvarogricci acompa√±ado de la #JuntaMonetaria sostiene reuni√≥n virtual con autoridad‚Ä¶ https://t.co/EphZziViYW,https://twitter.com/i/web/status/1386771498954903562,26/04/2021 13:57:44,Twitter Web App,9,5,Ministerio de Finanzas Guatemala,13:57:44,http://pbs.twimg.com/profile_images/1292831294796320768/6Q8j5vtW.jpg
"#Gesti√≥nMinfin |  El Ministro @alvarogricci recibi√≥ en reuni√≥n de cortes√≠a al Embajador de #Colombia en Guatemala,‚Ä¶ https://t.co/VX7UAn5vfN",https://twitter.com/i/web/status/1386823848838975488,26/04/2021 17:25:46,Twitter Web App,7,3,Ministerio de Finanzas Guatemala,17:25:46,http://pbs.twimg.com/profile_images/1292831294796320768/6Q8j5vtW.jpg
#Reactivaci√≥nEcon√≥mica | El @GuatemalaGob impulsa acciones para posicionar a Guatemala como destino de inversi√≥n y‚Ä¶ https://t.co/S1I0qmmeWN,https://twitter.com/i/web/status/1387036890356912128,27/04/2021 07:32:19,Twitter Web App,9,5,Ministerio de Finanzas Guatemala,07:32:19,http://pbs.twimg.com/profile_images/1292831294796320768/6Q8j5vtW.jpg
"#PanoramaFinanciero üì∫ | Te invitamos a ver la primera emisi√≥n de nuestras c√°psulas noticiosas. üìäüìà

Haz clic y conoc‚Ä¶ https://t.co/FCBmVEEFyo",https://twitter.com/i/web/status/1387065534672420869,27/04/2021 09:26:08,Twitter Web App,10,4,Ministerio de Finanzas Guatemala,09:26:08,http://pbs.twimg.com/profile_images/1292831294796320768/6Q8j5vtW.jpg
"#Gesti√≥nMinfin | La #Tesorer√≠aNacional, responsable de garantizar la disponibilidad de los fondos del Estado de acu‚Ä¶ https://t.co/iZZr9T2g8o",https://twitter.com/i/web/status/1387126755492827136,27/04/2021 13:29:24,Twitter Web App,3,1,Ministerio de Finanzas Guatemala,13:29:24,http://pbs.twimg.com/profile_images/1292831294796320768/6Q8j5vtW.jpg
"#Reactivaci√≥nEcon√≥mica | #Guatemala se encamina hacia el crecimiento econ√≥mico, generando mayores oportunidades par‚Ä¶ https://t.co/d0EUXJNFXi",https://twitter.com/i/web/status/1387200811680374787,27/04/2021 18:23:41,Twitter for Android,3,2,Ministerio de Finanzas Guatemala,18:23:41,http://pbs.twimg.com/profile_images/1292831294796320768/6Q8j5vtW.jpg
#ControlYRecaudaci√≥n | El Directorio de la @SATGT ha implementado acciones que se encaminan a facilitar a los‚Ä¶ https://t.co/c4mAjGwFCy,https://twitter.com/i/web/status/1387392143443079170,28/04/2021 07:03:58,Twitter Web App,3,1,Ministerio de Finanzas Guatemala,07:03:58,http://pbs.twimg.com/profile_images/1292831294796320768/6Q8j5vtW.jpg
"#FinanzasPersonales | Invierte en la opci√≥n m√°s segura y rentable del mercado. üá¨üáπ

#BonosDelTesoro 
Encuentra el li‚Ä¶ https://t.co/2HVVH8jDib",https://twitter.com/i/web/status/1387818456351973376,29/04/2021 11:17:59,Twitter Web App,2,0,Ministerio de Finanzas Guatemala,11:17:59,http://pbs.twimg.com/profile_images/1292831294796320768/6Q8j5vtW.jpg
"RT @OIMGuatemala: OIM y @MigracionGuate lanzan curso sobre normativa nacional sobre movilidad humana

Seguir leyendo:
üëáüèΩüëáüèΩüëáüèΩ
https://t.co/e‚Ä¶",https://twitter.com/i/web/status/1387818690620633097,29/04/2021 11:18:54,Twitter for Android,0,2,Migraci√≥n Guatemala,11:18:54,http://pbs.twimg.com/profile_images/1346129009051054081/v9JUwo36.jpg
"#Pasaportes | ‚ö†Ô∏è ¬°Atenci√≥n Chiquimula! La sede de Emisi√≥n de Pasaportes, se traslada a partir del 4 de mayo para la‚Ä¶ https://t.co/7YmECmBLU4",https://twitter.com/i/web/status/1387829232806596610,29/04/2021 12:00:48,Hootsuite Inc.,4,1,Migraci√≥n Guatemala,12:00:48,http://pbs.twimg.com/profile_images/1346129009051054081/v9JUwo36.jpg
#Informaci√≥n | Con el apoyo de @OIMGuatemala se lanz√≥ el Curso en L√≠nea sobre el C√≥digo de Migraci√≥n y sus Reglamen‚Ä¶ https://t.co/ICmuThNoMF,https://twitter.com/i/web/status/1387848378013339661,29/04/2021 13:16:52,Twitter for iPhone,0,1,Migraci√≥n Guatemala,13:16:52,http://pbs.twimg.com/profile_images/1346129009051054081/v9JUwo36.jpg
"#VacunasGT | #CancillerGT @PedroBroloGT participa en arrib√≥ de 321,600 dosis de vacunas #AstraZeneca del mecanismo‚Ä¶ https://t.co/leq47KDzVm",https://twitter.com/i/web/status/1387869629251469319,29/04/2021 14:41:19,Twitter Web App,7,2,MINEX Guatemala üá¨üáπ,14:41:19,http://pbs.twimg.com/profile_images/1292832595093475329/6LQbTy36.jpg
"#VacunasGT 
@MinSaludGuate #VacunaCOVID19 https://t.co/wi1Acrr87U",https://twitter.com/i/web/status/1387869794934968328,29/04/2021 14:41:59,Twitter Web App,1,0,MINEX Guatemala üá¨üáπ,14:41:59,http://pbs.twimg.com/profile_images/1292832595093475329/6LQbTy36.jpg
"#TransparenciaGT üîé | Mejorar el registro y control de la #Ejecuci√≥nPresupuestaria por pago de sueldos, salarios, pr‚Ä¶ https://t.co/RO3TS9SvdY",https://twitter.com/i/web/status/1387875139488927744,29/04/2021 15:03:13,Twitter Web App,3,1,Ministerio de Finanzas Guatemala,15:03:13,http://pbs.twimg.com/profile_images/1292831294796320768/6Q8j5vtW.jpg
"RT @eduardoehr: Iniciamos con la coordinaci√≥n de la mesa interinstitucional para abogar por una migraci√≥n segura, ordenada y regular con el‚Ä¶",https://twitter.com/i/web/status/1387938686902456322,29/04/2021 19:15:44,Twitter Web App,0,13,MINEX Guatemala üá¨üáπ,19:15:44,http://pbs.twimg.com/profile_images/1292832595093475329/6LQbTy36.jpg
RT @eduardoehr: En estos momentos se lleva a cabo el Taller de Organizaci√≥n Financiera con el apoyo de @AtlantisU @alexaramoficial @ConsGtH‚Ä¶,https://twitter.com/i/web/status/1387938732775510019,29/04/2021 19:15:55,Twitter Web App,0,4,MINEX Guatemala üá¨üáπ,19:15:55,http://pbs.twimg.com/profile_images/1292832595093475329/6LQbTy36.jpg
"#Informaci√≥n | En Oficinas Centrales, estamos atendiendo en horario de 7:00 a 15:00 horas de lunes a viernes. https://t.co/4CXd81C6Xi",https://twitter.com/i/web/status/1387951118999826436,29/04/2021 20:05:08,Hootsuite Inc.,1,0,Migraci√≥n Guatemala,20:05:08,http://pbs.twimg.com/profile_images/1346129009051054081/v9JUwo36.jpg
"""Ma√±ana concluyen los 15 d√≠as establecidos en el estado de prevenci√≥n, el cual no se renovar√° y se regresa al siste‚Ä¶ https://t.co/1zBa9UbgXj",https://twitter.com/i/web/status/1387951319332311050,29/04/2021 20:05:56,Twitter Web App,12,8,Gobierno Guatemala,20:05:56,http://pbs.twimg.com/profile_images/1371488309743120384/QqlgsWUm.jpg
"Conoce el proceso de registro gratuito de vacunaci√≥n #COVID19 para personas de 70 a√±os o m√°s. 

Ingresa a‚Ä¶ https://t.co/cepP0zyagv",https://twitter.com/i/web/status/1387956678021292039,29/04/2021 20:27:13,Twitter Media Studio,42,26,Gobierno Guatemala,20:27:13,http://pbs.twimg.com/profile_images/1371488309743120384/QqlgsWUm.jpg
"#VacunasGt üíâ 
‚û°Ô∏èMira el siguiente video para conocer el proceso de registro gratuito de vacunaci√≥n #COVID19 para pe‚Ä¶ https://t.co/vhp0ilxjb4",https://twitter.com/i/web/status/1387959961439936513,29/04/2021 20:40:16,Twitter Web App,2,0,MINEX Guatemala üá¨üáπ,20:40:16,http://pbs.twimg.com/profile_images/1292832595093475329/6LQbTy36.jpg
RT @DrGiammattei: Hago un llamado a la poblaci√≥n a que cuidemos de los adultos mayores y los ayuden a registrarse en https://t.co/D8daz5pPp‚Ä¶,https://twitter.com/i/web/status/1387961270645796868,29/04/2021 20:45:28,Twitter Web App,0,36,Gobierno Guatemala,20:45:28,http://pbs.twimg.com/profile_images/1371488309743120384/QqlgsWUm.jpg
#InformeNacional | Arriban a Guatemala m√°s de 321 mil dosis de la vacuna AstraZeneca. ‚ñ∂Ô∏è https://t.co/ry3fDUN1Jc https://t.co/GbhkRYjQic,https://twitter.com/i/web/status/1387986229745049602,29/04/2021 22:24:39,Twitter Web App,23,5,Gobierno Guatemala,22:24:39,http://pbs.twimg.com/profile_images/1371488309743120384/QqlgsWUm.jpg
#IGM | ¬°Profesionalismo! Cada tr√°mite es atendido con honradez y eficiencia. https://t.co/aUvq2g7s4Q,https://twitter.com/i/web/status/1388115992044257285,30/04/2021 07:00:17,Hootsuite Inc.,0,0,Migraci√≥n Guatemala,07:00:17,http://pbs.twimg.com/profile_images/1346129009051054081/v9JUwo36.jpg
#DiplomaciaComercialGTüá¨üáπ La @EmbaGuateCanada  particip√≥ en reuni√≥n con una empresa de capital guatemalteco canadien‚Ä¶ https://t.co/JkqdSEoYHD,https://twitter.com/i/web/status/1388131031237021698,30/04/2021 08:00:02,Twitter Web App,2,2,MINEX Guatemala üá¨üáπ,08:00:02,http://pbs.twimg.com/profile_images/1292832595093475329/6LQbTy36.jpg
"#Pasaportes | El pasaporte guatemalteco cuenta con m√°s de 30 medidas de seguridad, cumpliendo con la regulaci√≥n int‚Ä¶ https://t.co/lOaFYTkmBp",https://twitter.com/i/web/status/1388131417951977476,30/04/2021 08:01:34,Hootsuite Inc.,0,0,Migraci√≥n Guatemala,08:01:34,http://pbs.twimg.com/profile_images/1346129009051054081/v9JUwo36.jpg
"#VacunaCOVID19 | Registro de vacunaci√≥n para personas de 70 a√±os o m√°s, ingresa a https://t.co/XjxozAmJfy o comun√≠c‚Ä¶ https://t.co/jZ3UkDtxeb",https://twitter.com/i/web/status/1388138474067447810,30/04/2021 08:29:37,Twitter Web App,11,10,Gobierno Guatemala,08:29:37,http://pbs.twimg.com/profile_images/1371488309743120384/QqlgsWUm.jpg
"¬øEres adoptado y tienes or√≠genes guatemaltecos? y deseas:

‚úÖBuscar tus or√≠genes en Guatemala
‚úÖObtener documentos de‚Ä¶ https://t.co/T49IPiwWbN",https://twitter.com/i/web/status/1388146124901519362,30/04/2021 09:00:01,Twitter Web App,2,2,MINEX Guatemala üá¨üáπ,09:00:01,http://pbs.twimg.com/profile_images/1292832595093475329/6LQbTy36.jpg
"""Guatemala, un pa√≠s lleno de aventuras con una gastronom√≠a √∫nica"".  Riqueza cultural, reconocida en el Mundo.üåé 

¬°G‚Ä¶ https://t.co/DnRS4QatuR",https://twitter.com/i/web/status/1388146128751837185,30/04/2021 09:00:02,TweetDeck,0,1,MINEX Guatemala üá¨üáπ,09:00:02,http://pbs.twimg.com/profile_images/1292832595093475329/6LQbTy36.jpg
#ControlMigratorio | üöå Compartimos los requisitos de ingreso al pa√≠s v√≠a terrestre para guatemaltecos y extranjeros‚Ä¶ https://t.co/6gxX60WZba,https://twitter.com/i/web/status/1388148210196262916,30/04/2021 09:08:18,Twitter for iPhone,0,0,Migraci√≥n Guatemala,09:08:18,http://pbs.twimg.com/profile_images/1346129009051054081/v9JUwo36.jpg
"24 al 30 de abril, Semana de Vacunaci√≥n en las Am√©ricas üíâ

La pandemia por COVID-19 pone en riego el esquema de vac‚Ä¶ https://t.co/O1ymbcam8b",https://twitter.com/i/web/status/1388153671247085581,30/04/2021 09:30:00,Twitter Web App,3,1,Ministerio de Salud P√∫blica,09:30:00,http://pbs.twimg.com/profile_images/1311755159027015685/QQcxgYd1.jpg
"Las superbacterias ü¶† aumentan los costos de hospitalizaci√≥n y tratamiento, el riesgo de propagar una enfermedad y e‚Ä¶ https://t.co/qIHmwG30Gm",https://twitter.com/i/web/status/1388157444958744576,30/04/2021 09:45:00,Twitter Web App,18,9,OPS/OMS,09:45:00,http://pbs.twimg.com/profile_images/1096094749902028801/ijbQWupW.png
"¬°No corras riesgos migrando de manera irregular! 

¬°No pongas en peligro tu vida y salud! https://t.co/FJnQSkBnW7",https://twitter.com/i/web/status/1388163841180192770,30/04/2021 10:10:25,Hootsuite Inc.,1,1,MINEX Guatemala üá¨üáπ,10:10:25,http://pbs.twimg.com/profile_images/1292832595093475329/6LQbTy36.jpg
"#VacunaCOVID19 üíâ
Metrocentro, Villa Nueva, Guatemala: Quioscos de inscripci√≥n para Fase 2 Adultos mayores de 70 a√±o‚Ä¶ https://t.co/7BAE0cdgG4",https://twitter.com/i/web/status/1388164995196735494,30/04/2021 10:15:00,Twitter Web App,6,2,Ministerio de Salud P√∫blica,10:15:00,http://pbs.twimg.com/profile_images/1311755159027015685/QQcxgYd1.jpg
La vacunaci√≥n üíâ frena la propagaci√≥n de superbacterias: la cobertura actual de vacunas contra infecciones respirato‚Ä¶ https://t.co/hGgWi61Dd9,https://twitter.com/i/web/status/1388168770112344065,30/04/2021 10:30:00,Twitter Web App,64,63,OPS/OMS,10:30:00,http://pbs.twimg.com/profile_images/1096094749902028801/ijbQWupW.png
"#VacunaCOVID19 üíâ
Quioscos de inscripci√≥n para Fase 2 Adultos mayores de 70 a√±os y m√°s
- Interplaza, Escuintla.
- In‚Ä¶ https://t.co/kMwq16I1gr",https://twitter.com/i/web/status/1388172544478310401,30/04/2021 10:45:00,Twitter Web App,1,2,Ministerio de Salud P√∫blica,10:45:00,http://pbs.twimg.com/profile_images/1311755159027015685/QQcxgYd1.jpg
"#VacunaCOVID19 üíâ
Quioscos de inscripci√≥n para Fase 2 Adultos mayores de 70 a√±os y m√°s
- Metroplaza, Santa Elena, Pe‚Ä¶ https://t.co/Cy5Z8PeIUN",https://twitter.com/i/web/status/1388176320283115520,30/04/2021 11:00:00,Twitter Web App,2,1,Ministerio de Salud P√∫blica,11:00:00,http://pbs.twimg.com/profile_images/1311755159027015685/QQcxgYd1.jpg
#C√°psulaInformativa | Noticias relevantes del mes de #Abril2021. https://t.co/Ev2jvX5Sgl,https://twitter.com/i/web/status/1388176873457430531,30/04/2021 11:02:12,Twitter for Android,8,3,Ej√©rcito Guatemala,11:02:12,http://pbs.twimg.com/profile_images/1371454438775398402/KrPRUXA_.jpg
"#VacunaCOVID19 üíâ
Quioscos de inscripci√≥n para Fase 2 Adultos mayores de 70 a√±os y m√°s
- Metroplaza, Santa Catarina‚Ä¶ https://t.co/mUNkURUmd4",https://twitter.com/i/web/status/1388180094254940160,30/04/2021 11:15:00,Twitter Web App,3,2,Ministerio de Salud P√∫blica,11:15:00,http://pbs.twimg.com/profile_images/1311755159027015685/QQcxgYd1.jpg
#EnDirecto | Presidente @DrGiammattei participa en el banderazo de salida y develaci√≥n de placa del tramo carretero‚Ä¶ https://t.co/Qz2cgwDvr7,https://twitter.com/i/web/status/1388180514020810758,30/04/2021 11:16:40,"<a href=""https://periscope.tv"" rel=""nofollow"">Periscope",24,14,Gobierno Guatemala,11:16:40,http://pbs.twimg.com/profile_images/1371488309743120384/QqlgsWUm.jpg
K‚Äôo 180 chi b‚Äôanoj tzukunik xb‚Äôantaj pa we amaq‚Äô rech ya‚Äôb‚Äôal uchuq‚Äôab‚Äô ri ya‚Äôolchajinem¬†ri‚Äô https://t.co/Vvd0bLMJ0K,https://twitter.com/i/web/status/1388181982132248577,30/04/2021 11:22:30,"<a href=""http://publicize.wp.com/"" rel=""nofollow"">WordPress.com",2,1,MinGob,11:22:30,http://pbs.twimg.com/profile_images/1371480777330941958/_81AGCXa.jpg
E k‚Äôo julajuj chi ajtoq‚Äôil pwaq xechapataj¬†ri‚Äô https://t.co/5kZBMucnyv,https://twitter.com/i/web/status/1388182098352263172,30/04/2021 11:22:58,"<a href=""http://publicize.wp.com/"" rel=""nofollow"">WordPress.com",0,0,MinGob,11:22:58,http://pbs.twimg.com/profile_images/1371480777330941958/_81AGCXa.jpg
#Jutiapa | Tercera Brigada de Infanter√≠a del #Ej√©rcitoGT | #MINDEF llev√≥ a cabo acto de licenciamiento de personal‚Ä¶ https://t.co/OECrdXgFyL,https://twitter.com/i/web/status/1388182248273420288,30/04/2021 11:23:33,Twitter for Android,2,0,Ej√©rcito Guatemala,11:23:33,http://pbs.twimg.com/profile_images/1371454438775398402/KrPRUXA_.jpg
Eri Ministerio rech Gobernaci√≥n k‚Äôo tiko‚Äôn rech amapola xkiriq pa San Marcos¬†ri‚Äô https://t.co/WwJRVBUwNx,https://twitter.com/i/web/status/1388182253046575111,30/04/2021 11:23:34,"<a href=""http://publicize.wp.com/"" rel=""nofollow"">WordPress.com",1,0,MinGob,11:23:34,http://pbs.twimg.com/profile_images/1371480777330941958/_81AGCXa.jpg
Eri tzukun awan kunb‚Äôalil are la‚Äô katajin pa waqib‚Äô chi tinamit¬†ri‚Äô https://t.co/isYjntHCqt,https://twitter.com/i/web/status/1388182356809293825,30/04/2021 11:23:59,"<a href=""http://publicize.wp.com/"" rel=""nofollow"">WordPress.com",0,0,MinGob,11:23:59,http://pbs.twimg.com/profile_images/1371480777330941958/_81AGCXa.jpg
K‚Äôo chom tiko‚Äôni rech Amapola xriqitaj pa San Marcos¬†ri‚Äô https://t.co/HNDCj9B8dM,https://twitter.com/i/web/status/1388182450472423424,30/04/2021 11:24:22,"<a href=""http://publicize.wp.com/"" rel=""nofollow"">WordPress.com",1,0,MinGob,11:24:22,http://pbs.twimg.com/profile_images/1371480777330941958/_81AGCXa.jpg
El #MSPAS informa la cantidad de personas que han recibido la primera dosis y el esquema completo de la vacuna cont‚Ä¶ https://t.co/Gu2KXBTz1C,https://twitter.com/i/web/status/1388182793201635332,30/04/2021 11:25:43,Twitter for Android,3,1,Ministerio de Salud P√∫blica,11:25:43,http://pbs.twimg.com/profile_images/1311755159027015685/QQcxgYd1.jpg
#Izabal | Brigada de Infanter√≠a de Marina del #Ej√©rcitoGT | #MINDEF llev√≥ a cabo ceremonial mar√≠timo en conmemoraci‚Ä¶ https://t.co/z2IZYNiTgo,https://twitter.com/i/web/status/1388183703537561601,30/04/2021 11:29:20,Twitter for Android,7,1,Ej√©rcito Guatemala,11:29:20,http://pbs.twimg.com/profile_images/1371454438775398402/KrPRUXA_.jpg
Comisar√≠as de PNC en donde se tramitan de manera presencial los #AntecedentesPolicialesGT ‚òëÔ∏è https://t.co/ad1o5OygTv,https://twitter.com/i/web/status/1388183870210777088,30/04/2021 11:30:00,Twitter Media Studio,2,1,MinGob,11:30:00,http://pbs.twimg.com/profile_images/1371480777330941958/_81AGCXa.jpg
"#VacunasGt üíâ 
‚û°Ô∏èMira el siguiente video para conocer el proceso de registro gratuito de vacunaci√≥n #COVID19 para pe‚Ä¶ https://t.co/R1QCmDuKom",https://twitter.com/i/web/status/1388183870030417924,30/04/2021 11:30:00,Twitter Web App,0,1,MINEX Guatemala üá¨üáπ,11:30:00,http://pbs.twimg.com/profile_images/1292832595093475329/6LQbTy36.jpg
#AltaVerapaz | Comando Regional de Entrenamiento de Operaciones de Mantenimiento de Paz del #Ej√©rcitoGT llev√≥ a cab‚Ä¶ https://t.co/tXGKlWS4KS,https://twitter.com/i/web/status/1388184914772828161,30/04/2021 11:34:09,Twitter for Android,2,1,Ej√©rcito Guatemala,11:34:09,http://pbs.twimg.com/profile_images/1371454438775398402/KrPRUXA_.jpg
"#ControlMigratorio | ‚úàÔ∏è  Los guatemaltecos y extranjeros que deseen ingresar al pa√≠s v√≠a a√©rea, deber√°n cumplir con‚Ä¶ https://t.co/f3ykwadIJT",https://twitter.com/i/web/status/1388185162991775747,30/04/2021 11:35:08,Twitter for iPhone,0,0,Migraci√≥n Guatemala,11:35:08,http://pbs.twimg.com/profile_images/1346129009051054081/v9JUwo36.jpg
"RT @opsomsels: Las vacunas ayudan a prevenir:

‚úÖ La muerte
‚úÖ Enfermedades graves
‚úÖ Discapacidades
‚úÖ Hospitalizaciones
‚úÖ Contagios
‚úÖ Crisis‚Ä¶",https://twitter.com/i/web/status/1388187038340599810,30/04/2021 11:42:35,Twitter for iPhone,0,5,OPS/OMS,11:42:35,http://pbs.twimg.com/profile_images/1096094749902028801/ijbQWupW.png
"RT @OPSOMSPeru: Las vacunas ayudan a prevenir:

‚úÖ La muerte
‚úÖ Enfermedades graves
‚úÖ Discapacidades
‚úÖ Hospitalizaciones
‚úÖ Contagios
‚úÖ Crisis‚Ä¶",https://twitter.com/i/web/status/1388187114571976704,30/04/2021 11:42:54,Twitter for iPhone,0,5,OPS/OMS,11:42:54,http://pbs.twimg.com/profile_images/1096094749902028801/ijbQWupW.png
"RT @OPSOMS_Col: üìª #VocesUnidasONU | La representante de @opsoms üá®üá¥, @GinaTambini  estar√° hablando del tercer pico de la #COVID19 en el pa√≠s‚Ä¶",https://twitter.com/i/web/status/1388187147233026052,30/04/2021 11:43:01,Twitter for iPhone,0,2,OPS/OMS,11:43:01,http://pbs.twimg.com/profile_images/1096094749902028801/ijbQWupW.png
"RT @OPSOMSPeru: ¬°Las vacunas nos acercan a d√≠as m√°s soleados üåû!
¬øVerdad, @Sesamo? ‚ù§Ô∏è ¬°#Vacunate! https://t.co/Cv7IbHb3ty",https://twitter.com/i/web/status/1388187165121728512,30/04/2021 11:43:06,Twitter for iPhone,0,7,OPS/OMS,11:43:06,http://pbs.twimg.com/profile_images/1096094749902028801/ijbQWupW.png
"RT @OPSOMSPeru: ¬°Los trabajadores de salud son nuestros h√©roes! ü¶∏üèæ‚ÄçÔ∏èü¶∏üèæ
 
Por favor, aseg√∫rense de estar al d√≠a con todas sus vacunasüí™üèæ
 
‚ù§Ô∏è‚Ä¶",https://twitter.com/i/web/status/1388187177943715848,30/04/2021 11:43:09,Twitter for iPhone,0,1,OPS/OMS,11:43:09,http://pbs.twimg.com/profile_images/1096094749902028801/ijbQWupW.png
RT @bireme: O Curso Introdut√≥rio de Comunica√ß√£o Cient√≠fica em Ci√™ncias da Sa√∫de est√° dispon√≠vel em acesso aberto no @campusvirtualsp da @pa‚Ä¶,https://twitter.com/i/web/status/1388187287268298752,30/04/2021 11:43:35,Twitter for iPhone,0,4,OPS/OMS,11:43:35,http://pbs.twimg.com/profile_images/1096094749902028801/ijbQWupW.png
"RT @bireme: V CIAPS ‚Äì Congresso Internacional de Aten√ß√£o Prim√°ria
Programa: https://t.co/IkfqovOPGe
Inscri√ß√£o: https://t.co/LiF6kZqQLn
Dia‚Ä¶",https://twitter.com/i/web/status/1388187320608825346,30/04/2021 11:43:43,Twitter for iPhone,0,7,OPS/OMS,11:43:43,http://pbs.twimg.com/profile_images/1096094749902028801/ijbQWupW.png
"RT @Ops_Paraguay: Las vacunas han reducido incidencias de enfermedades ü¶† como el sarampi√≥n, el c√≥lera y la poliomielitis üßê que le han costa‚Ä¶",https://twitter.com/i/web/status/1388189825098997760,30/04/2021 11:53:40,Twitter for iPhone,0,3,OPS/OMS,11:53:40,http://pbs.twimg.com/profile_images/1096094749902028801/ijbQWupW.png
"#GuatePreviene üü°

¬°Denuncia toda actividad il√≠cita a los ‚òéÔ∏è 110, 1561, 1577 y 1574!
#YoDenuncio https://t.co/P7beodNWrm",https://twitter.com/i/web/status/1388191421241298944,30/04/2021 12:00:00,Twitter Media Studio,0,1,MinGob,12:00:00,http://pbs.twimg.com/profile_images/1371480777330941958/_81AGCXa.jpg
"VIDEO üé•
Guatemala recibi√≥ segunda entrega de vacunas del Mecanismo #COVAX https://t.co/EXsehQWIMa",https://twitter.com/i/web/status/1388191419785900032,30/04/2021 12:00:00,Twitter Web App,5,1,Ministerio de Salud P√∫blica,12:00:00,http://pbs.twimg.com/profile_images/1311755159027015685/QQcxgYd1.jpg
"#Pasaportes | ‚ö†Ô∏è ¬°Atenci√≥n Chiquimula! La sede de Emisi√≥n de Pasaportes, se traslada a partir del 4 de mayo para la‚Ä¶ https://t.co/gokoK6pH1v",https://twitter.com/i/web/status/1388191642721660933,30/04/2021 12:00:53,Hootsuite Inc.,0,0,Migraci√≥n Guatemala,12:00:53,http://pbs.twimg.com/profile_images/1346129009051054081/v9JUwo36.jpg
Reservistas Militares de #Izabal del #Ej√©rcitoGT | #MINDEF apoyan a la Municipalidad de Puerto Barrios en Campa√±a d‚Ä¶ https://t.co/ka3YPHuddz,https://twitter.com/i/web/status/1388191795780231170,30/04/2021 12:01:30,Twitter for Android,5,2,Ej√©rcito Guatemala,12:01:30,http://pbs.twimg.com/profile_images/1371454438775398402/KrPRUXA_.jpg
"#BajaVerapaz | Brigada de Artiller√≠a de Campa√±a ""Santa B√°rbara"" del #Ej√©rcitoGT | #MINDEF llev√≥ a cabo acto de lice‚Ä¶ https://t.co/T0tNGUDXtp",https://twitter.com/i/web/status/1388194414661718024,30/04/2021 12:11:54,Twitter for Android,2,0,Ej√©rcito Guatemala,12:11:54,http://pbs.twimg.com/profile_images/1371454438775398402/KrPRUXA_.jpg
Totonicap√°n habilita quioscos de registro para la vacunaci√≥n contra el #COVID19 üíâ https://t.co/p1cwUVIABL,https://twitter.com/i/web/status/1388194685995388936,30/04/2021 12:12:59,Twitter Web App,2,0,Gobierno Guatemala,12:12:59,http://pbs.twimg.com/profile_images/1371488309743120384/QqlgsWUm.jpg
"¬øEres usuario de #Guatecompras y tienes dudas de los procesos dentro del sistema? 
Encuentra un listado de‚Ä¶ https://t.co/Emf9uqjZ5f",https://twitter.com/i/web/status/1388195774333325312,30/04/2021 12:17:18,Twitter for Android,0,0,Ministerio de Finanzas Guatemala,12:17:18,http://pbs.twimg.com/profile_images/1292831294796320768/6Q8j5vtW.jpg
#Zacapa | Segunda Brigada de Infanter√≠a del #Ej√©rcitoGT | #MINDEF particip√≥ en capacitaci√≥n para conformar equipos‚Ä¶ https://t.co/LrWkH40wb7,https://twitter.com/i/web/status/1388196139833438211,30/04/2021 12:18:45,Twitter for Android,1,1,Ej√©rcito Guatemala,12:18:45,http://pbs.twimg.com/profile_images/1371454438775398402/KrPRUXA_.jpg
"#Escuintla | Primera Brigada de Infanter√≠a ""Mariscal Zavala"" del #Ej√©rcitoGT concientiza a la poblaci√≥n sobre medid‚Ä¶ https://t.co/TfmM5QQIkA",https://twitter.com/i/web/status/1388196865573806092,30/04/2021 12:21:38,Twitter for Android,3,1,Ej√©rcito Guatemala,12:21:38,http://pbs.twimg.com/profile_images/1371454438775398402/KrPRUXA_.jpg
"Con la recuperaci√≥n de un tramo carretero de 31 kil√≥metros de carretera, el Gobierno de Guatemala, a trav√©s del‚Ä¶ https://t.co/WYeeiHpMzF",https://twitter.com/i/web/status/1388197439782326274,30/04/2021 12:23:55,Twitter Web App,0,1,Gobierno Guatemala,12:23:55,http://pbs.twimg.com/profile_images/1371488309743120384/QqlgsWUm.jpg
"Despu√©s de m√°s de 12 a√±os de espera, este d√≠a el @DrGiammattei junto al ministro de @CIVguate, Edmundo Lemus, entre‚Ä¶ https://t.co/H5XOZWMpaR",https://twitter.com/i/web/status/1388197445662822403,30/04/2021 12:23:57,Twitter Web App,0,2,Gobierno Guatemala,12:23:57,http://pbs.twimg.com/profile_images/1371488309743120384/QqlgsWUm.jpg
PNC concientiza a ciudadanos para evitar propagaci√≥n de¬†covid-19 https://t.co/cKa38ICUIB,https://twitter.com/i/web/status/1388197474628775936,30/04/2021 12:24:04,"<a href=""http://publicize.wp.com/"" rel=""nofollow"">WordPress.com",1,0,MinGob,12:24:04,http://pbs.twimg.com/profile_images/1371480777330941958/_81AGCXa.jpg
"El Gobierno de Guatemala, a trav√©s del @CIVguate trabaja en otros dos tramos carreteros en Escuintla, los que tiene‚Ä¶ https://t.co/tJIdU5YQQa",https://twitter.com/i/web/status/1388197689909723136,30/04/2021 12:24:55,Twitter Web App,1,0,Gobierno Guatemala,12:24:55,http://pbs.twimg.com/profile_images/1371488309743120384/QqlgsWUm.jpg
#Izabal | Brigada de Infanter√≠a de Marina del #Ej√©rcitoGT | #MINDEF llev√≥ a cabo ceremonial mar√≠timo de licenciamie‚Ä¶ https://t.co/DYJIPlebYC,https://twitter.com/i/web/status/1388200315053297664,30/04/2021 12:35:21,Twitter for Android,1,1,Ej√©rcito Guatemala,12:35:21,http://pbs.twimg.com/profile_images/1371454438775398402/KrPRUXA_.jpg
"24 al 30 de abril, Semana de Vacunaci√≥n en las Am√©ricas üíâ
Conoce m√°s sobre la Vacuna SR üëáüèª

#Vacunate‚Ä¶ https://t.co/H21FIRKTqI",https://twitter.com/i/web/status/1388202743416905729,30/04/2021 12:45:00,Twitter Web App,0,0,Ministerio de Salud P√∫blica,12:45:00,http://pbs.twimg.com/profile_images/1311755159027015685/QQcxgYd1.jpg
"#TuDenunciaEsConfidencial üó£üìûüïµüèª‚Äç
#YoDenuncio
Denuncie a los extorsionistas, su informaci√≥n es completamente confiden‚Ä¶ https://t.co/29Hji5fmXW",https://twitter.com/i/web/status/1388206522782601218,30/04/2021 13:00:01,Twitter Media Studio,0,0,MinGob,13:00:01,http://pbs.twimg.com/profile_images/1371480777330941958/_81AGCXa.jpg
#Actualizaci√≥n| #MSPAS informa este 30 de abril de 2021 los casos confirmados por laboratorio en el tablero Situaci‚Ä¶ https://t.co/0Y558U6uKt,https://twitter.com/i/web/status/1388206591833411587,30/04/2021 13:00:17,Twitter for Android,6,2,Ministerio de Salud P√∫blica,13:00:17,http://pbs.twimg.com/profile_images/1311755159027015685/QQcxgYd1.jpg
‚ö†Ô∏è En el tablero COVID-19 los fallecidos reportados el d√≠a anterior se visualizan por la fecha de defunci√≥n. Estos‚Ä¶ https://t.co/19NYv7npdV,https://twitter.com/i/web/status/1388206593578242049,30/04/2021 13:00:18,Twitter for Android,0,0,Ministerio de Salud P√∫blica,13:00:18,http://pbs.twimg.com/profile_images/1311755159027015685/QQcxgYd1.jpg
"#D√≠aInternacionalDelJazzüé∑
Fue decretado por la UNESCO en el a√±o 2011, con el objetivo de dar a conocer un movimient‚Ä¶ https://t.co/owL7WwmHHW",https://twitter.com/i/web/status/1388206635068399622,30/04/2021 13:00:28,Twitter for Android,3,2,Ej√©rcito Guatemala,13:00:28,http://pbs.twimg.com/profile_images/1371454438775398402/KrPRUXA_.jpg
"#ControlMigratorio | üö¢ Las personas que desean ingresar al pa√≠s, v√≠a mar√≠tima, deber√°n cumplir con lo siguiente: üëá‚Ä¶ https://t.co/TsCWC4bOds",https://twitter.com/i/web/status/1388207393008504836,30/04/2021 13:03:28,Twitter for iPhone,0,0,Migraci√≥n Guatemala,13:03:28,http://pbs.twimg.com/profile_images/1346129009051054081/v9JUwo36.jpg
"En la 15¬™ avenida y 15¬™ calle de la zona 1, investigadores de la DEIC, capturan  a Marlon Alejandro Mart√≠nez Estrad‚Ä¶ https://t.co/eFwkRq9v2a",https://twitter.com/i/web/status/1388210945525178368,30/04/2021 13:17:35,Twitter for iPhone,0,0,MinGob,13:17:35,http://pbs.twimg.com/profile_images/1371480777330941958/_81AGCXa.jpg
